[
{"category": "men-oversized-t-shirts", "url": "https://nobero.com/products/limitations-oversized-t-shirt?variant=45724124938406", "title": "Limitations Oversized T-Shirt", "price": "₹599", "MRP": "₹999", "product_url": [], "last_7_day_sale": "0", "available_skus": [{"color": "Wine Red", "size": ["S", "M", "L", "XL", "XXL", "XXXL"]}, {"color": "", "size": []}], "fit": "Oversized Fit", "fabric": "220 GSM 100% Cotton", "neck": "Round Neck", "sleeve": "Regular Sleeve", "pattern": "Graphic Print", "length": "Regular", "description": ""},
{"category": "men-oversized-t-shirts", "url": "https://nobero.com/products/lunar-echo-oversized-t-shirt-1?variant=45663963218086", "title": "Lunar Echo Oversized T-Shirt", "price": "₹599", "MRP": "₹999", "product_url": [], "last_7_day_sale": "475", "available_skus": [{"color": "Black", "size": ["S", "M", "L", "XL", "XXL", "XXXL"]}, {"color": "", "size": []}], "fit": "Oversized Fit", "fabric": "220 GSM 100% Cotton", "neck": "Round Neck", "sleeve": "Regular Sleeve", "pattern": "Graphic Print", "length": "Regular", "description": "Material:  100% Combed Cotton (Bio-Washed and Pre-Shrunk)\nNeck:  Crew Neck\nSleeves:  Short Sleeves\nFeatures: • Bio-Washed\nOrigin: • Pre-shrunk\nWash Care: • Light weight\nPlease Note: • Breathable Fabric\nMade in India • Comfort fit\n"},
{"category": "men-oversized-t-shirts", "url": "https://nobero.com/products/metamorphosis-oversized-t-shirt?variant=45724114288806", "title": "Metamorphosis Oversized T-Shirt", "price": "₹599", "MRP": "₹999", "product_url": [], "last_7_day_sale": "0", "available_skus": [{"color": "Black", "size": ["S", "M", "L", "XL", "XXL", "XXXL"]}, {"color": "", "size": []}], "fit": "Oversized Fit", "fabric": "220 GSM 100% Cotton", "neck": "Round Neck", "sleeve": "Regular Sleeve", "pattern": "Graphic Print", "length": "Regular", "description": ""},
{"category": "men-oversized-t-shirts", "url": "https://nobero.com/products/oversized-tees-2-pack-14?variant=45720005148838", "title": "Oversized Tees - 2-Pack", "price": "₹999", "MRP": "₹1,998", "product_url": [], "last_7_day_sale": "0", "available_skus": [{"color": "Ikigai/ Less Scrolling", "size": ["S", "M", "L", "XL", "XXL", "XXXL"]}, {"color": "", "size": []}], "fit": "Oversized Fit", "fabric": "100% Cotton", "neck": "Round Neck", "sleeve": "Regular Sleeve", "pattern": "Graphic Print", "length": "Regular", "description": "Material:  100% Combed Cotton (Bio-Washed and Pre-Shrunk)\nFeatures: • Bio-Washed\nOrigin: • Pre-shrunk\nWash Care: • Light weight\nPlease Note: • Breathable Fabric\nMade in India • Comfort fit\n"},
{"category": "men-oversized-t-shirts", "url": "https://nobero.com/products/free-your-mind-oversized-t-shirt?variant=44780836389030", "title": "Free Your Mind Oversized T-Shirt", "price": "₹599", "MRP": "₹999", "product_url": [], "last_7_day_sale": "79", "available_skus": [{"color": "Sand", "size": ["S", "M", "L", "XL", "XXL", "XXXL"]}, {"color": "", "size": []}], "fit": "Oversized Fit", "fabric": "220 GSM 100% Cotton", "neck": "Round Neck", "sleeve": "Regular Sleeve", "pattern": "Graphic Print", "length": "Regular", "description": ""},
{"category": "men-oversized-t-shirts", "url": "https://nobero.com/products/oversized-tees-2-pack-20?variant=45740201803942", "title": "Oversized Tees - 2-Pack", "price": "₹999", "MRP": "₹1,998", "product_url": [], "last_7_day_sale": "0", "available_skus": [{"color": "Universe Balance/ Dimensions", "size": ["S", "M", "L", "XL", "XXL", "XXXL"]}, {"color": "", "size": []}], "fit": "Oversized Fit", "fabric": "100% Cotton", "neck": "Round Neck", "sleeve": "Regular Sleeve", "pattern": "Graphic Print", "length": "Regular", "description": "Material:  100% Combed Cotton (Bio-Washed and Pre-Shrunk)\nFeatures: • Bio-Washed\nOrigin: • Pre-shrunk\nWash Care: • Light weight\nPlease Note: • Breathable Fabric\nMade in India • Comfort fit\n"},
{"category": "men-oversized-t-shirts", "url": "https://nobero.com/products/one-day-at-a-time-oversized-t-shirt?variant=45649342660774", "title": "One Breath Oversized T-Shirt", "price": "₹599", "MRP": "₹999", "product_url": [], "last_7_day_sale": "100", "available_skus": [{"color": "Wine Red", "size": ["S", "M", "L", "XL", "XXL", "XXXL"]}, {"color": "", "size": []}], "fit": "Oversized Fit", "fabric": "220 GSM 100% Cotton", "neck": "Round Neck", "sleeve": "Regular Sleeve", "pattern": "Graphic Print", "length": "Regular", "description": ""},
{"category": "womens-oversized-t-shirts", "url": "https://nobero.com/products/always-on-the-move-oversized-t-shirt-1?variant=45696456327334", "title": "Always on the Move Oversized T-Shirt", "price": "₹599", "MRP": "₹999", "product_url": [], "last_7_day_sale": "107", "available_skus": [{"color": "Sand", "size": ["S", "M", "L", "XL", "XXL", "XXXL"]}, {"color": "", "size": []}], "fit": "Oversized Fit", "fabric": "220 GSM 100% Cotton", "neck": "Round Neck", "sleeve": "Regular Sleeve", "pattern": "Graphic Print", "length": "Regular", "description": ""},
{"category": "womens-oversized-t-shirts", "url": "https://nobero.com/products/traverse-oversized-fit-t-shirt?variant=45696461176998", "title": "Traverse Oversized Fit T-Shirt", "price": "₹599", "MRP": "₹999", "product_url": [], "last_7_day_sale": "230", "available_skus": [{"color": "Olive Green", "size": ["S", "M", "L", "XL", "XXL", "XXXL"]}, {"color": "", "size": []}], "fit": "Oversized Fit", "fabric": "220 GSM 100% Cotton", "neck": "Round Neck", "sleeve": "Regular Sleeve", "pattern": "Graphic Print", "length": "Regular", "description": "Material:  100% Combed Cotton (Bio-Washed and Pre-Shrunk)\nNeck:  Crew Neck\nSleeves:  Short Sleeves\nFeatures: • Bio-Washed\nOrigin: • Pre-shrunk\nWash Care: • Light weight\nPlease Note: • Breathable Fabric\nMade in India • Comfort fit\n"},
{"category": "womens-oversized-t-shirts", "url": "https://nobero.com/products/grow-oversized-tee-1?variant=44790797041830", "title": "Grow Oversized T-Shirt", "price": "₹599", "MRP": "₹999", "product_url": [], "last_7_day_sale": "98", "available_skus": [{"color": "Olive Green", "size": ["S", "M", "L", "XL", "XXL", "XXXL"]}, {"color": "", "size": []}], "fit": "Oversized Fit", "fabric": "220 GSM 100% Cotton", "neck": "Round Neck", "sleeve": "Regular Sleeve", "pattern": "Graphic Print", "length": "Regular", "description": ""},
{"category": "womens-oversized-t-shirts", "url": "https://nobero.com/products/oversized-fit-cotton-t-shirt-8?variant=45387996790950", "title": "Oversized Fit Cotton T-Shirt", "price": "₹599", "MRP": "₹999", "product_url": [], "last_7_day_sale": "691", "available_skus": [{"color": "Black", "size": ["S", "M", "L", "XL", "XXL", "XXXL"]}, {"color": "", "size": []}], "fit": "Oversized Fit", "fabric": "220 GSM 100% Cotton", "neck": "Round Neck", "sleeve": "Regular Sleeve", "pattern": "Solid", "length": "Regular", "description": ""},
{"category": "womens-oversized-t-shirts", "url": "https://nobero.com/products/believe-in-yourself-oversized-tee?variant=44784572858534", "title": "Oversized Fit Believe in Yourself T-Shirt", "price": "₹599", "MRP": "₹999", "product_url": [], "last_7_day_sale": "0", "available_skus": [{"color": "Black", "size": ["S", "M", "L", "XL", "XXL", "XXXL"]}, {"color": "", "size": []}], "fit": "Oversized Fit", "fabric": "220 GSM 100% Cotton", "neck": "Round Neck", "sleeve": "Regular Sleeve", "pattern": "Graphic Print", "length": "Regular", "description": ""},
{"category": "womens-oversized-t-shirts", "url": "https://nobero.com/products/as-free-as-the-ocean-oversized-t-shirt?variant=45696462356646", "title": "As Free As The Ocean Oversized T-Shirt", "price": "₹599", "MRP": "₹999", "product_url": [], "last_7_day_sale": "110", "available_skus": [{"color": "Sand", "size": ["S", "M", "L", "XL", "XXL", "XXXL"]}, {"color": "", "size": []}], "fit": "Oversized Fit", "fabric": "220 GSM 100% Cotton", "neck": "Round Neck", "sleeve": "Regular Sleeve", "pattern": "Graphic Print", "length": "Regular", "description": ""},
{"category": "womens-oversized-t-shirts", "url": "https://nobero.com/products/freedom-oversized-t-shirt-2?variant=45696463044774", "title": "Freedom Oversized T-Shirt", "price": "₹599", "MRP": "₹999", "product_url": [], "last_7_day_sale": "385", "available_skus": [{"color": "Black", "size": ["S", "M", "L", "XL", "XXL", "XXXL"]}, {"color": "", "size": []}], "fit": "Oversized Fit", "fabric": "220 GSM 100% Cotton", "neck": "Round Neck", "sleeve": "Regular Sleeve", "pattern": "Graphic Print", "length": "Regular", "description": "Material:  100% Combed Cotton (Bio-Washed and Pre-Shrunk)\nNeck:  Crew Neck\nSleeves:  Short Sleeves\nFeatures: • Bio-Washed\nOrigin: • Pre-shrunk\nWash Care: • Light weight\nPlease Note: • Breathable Fabric\nMade in India • Comfort fit\n"},
{"category": "joggers-for-women", "url": "https://nobero.com/products/urban-camo-wide-leg-jogger?variant=40916628078758", "title": "Urban Camo Jogger", "price": "₹649", "MRP": "₹1,299", "product_url": [], "last_7_day_sale": "0", "available_skus": [{"color": "Camo Navy", "size": ["S", "M", "L", "XL", "XXL", "XXXL"]}, {"color": "", "size": []}], "fit": "Regular Fit", "fabric": "100% Cotton", "neck": "Mid-Rise", "sleeve": "Camouflage", "pattern": "Ankle Length", "length": "Elasticated", "description": ""},
{"category": "joggers-for-women", "url": "https://nobero.com/products/classic-pin-tuck-joggers?variant=44410301317286", "title": "Classic Pin-tuck Joggers", "price": "₹699", "MRP": "₹1,398", "product_url": [], "last_7_day_sale": "0", "available_skus": [{"color": "Nantucket Breeze", "size": ["XS", "S", "M", "L", "XL", "XXL"]}, {"color": "", "size": []}], "fit": "Regular Fit", "fabric": "Blended", "neck": "Mid-Rise", "sleeve": "Graphic Print", "pattern": "Ankle Length", "length": "Elasticated", "description": "Fabric: Discover Nobero's new Fashleisure collection of elevated basics, where style meets functional comfort in women's joggers. Designed with a modern twist, these beige joggers are a perfect addition to your wardrobe. Crafted with meticulous attention to detail and using premium materials, they offer a comfortable and luxurious feel. With sleek lines and contemporary silhouettes, these beige joggers comes with an elasticated hemline that effortlessly blend fashion and functionality. Whether you're dressing up for a chic outing or embracing a relaxed day, Nobero's elevated basics of pull-on elasticated joggers provide the perfect balance of style and comfort for the modern woman.\nFit Type:  60% Cotton 40% Polyester\nPattern:  Regular Fit\nCare Instructions:  Pintuck\nMade in India  Wash dark colours separately. Machine wash, gentle cycle. Do not bleach. Tumble dry low. Iron on lowest setting. Do not scrub or iron on print directly.\n"},
{"category": "best-selling-co-ord-sets", "url": "https://nobero.com/products/klaeinn-co-ord-set?variant=44380126707878", "title": "Oversized Klaeinn Cargo Pocket Co-ord Set", "price": "₹1,499", "MRP": "₹3,799", "product_url": [], "last_7_day_sale": "201", "available_skus": [{"color": "Cannoli", "size": ["S", "M", "L", "XL", "XXL", "XXXL"]}, {"color": "", "size": []}], "fit": "Relaxed Fit", "fabric": "Cotton Poly Terry", "neck": "Round Neck", "sleeve": "Regular Sleeve", "pattern": "Mid-Rise", "length": "Solid", "description": "Made in India The Nobero monotone co-ord set is a fashionable and comfortable clothing ensemble tailored for men. This set features a regular fit t-shirt and knee-length elasticated shorts, offering a stylish and relaxed look. The set is adorned with contrast cut and sew panels, adding a touch of visual interest to the design. The t-shirt is complemented by typographic print detail, enhancing the overall aesthetic with a trendy element. With its monotone color scheme, this co-ord set exudes elegance and versatility, allowing you to effortlessly style it for various occasions. Whether you're lounging at home, running errands, or embarking on a travel adventure, this stylish ensemble guarantees both comfort and fashion-forward appeal. The relaxed fit shorts come with convenient side pockets, adding functionality to the set. Embrace comfort and style with the Nobero monotone co-ord set for a trendy and effortless look.\n"},
{"category": "pick-printed-t-shirts", "url": "https://nobero.com/products/the-best-sellers-3-pack-15?variant=45736630354086", "title": "The Best-Sellers - 3 Pack", "price": "₹999", "MRP": "₹1,499", "product_url": [], "last_7_day_sale": "0", "available_skus": [{"color": "Balance/ Believe/ Wander Soul", "size": ["S", "M", "L", "XL", "XXL", "XXXL"]}, {"color": "", "size": []}], "fit": "Regular Fit", "fabric": "100% Cotton", "neck": "Round Neck", "sleeve": "Regular Sleeve", "pattern": "Graphic Print", "length": "Regular", "description": "Material:  100% Combed Cotton (Bio-Washed and Pre-Shrunk)\nNeck:  Crew Neck\nSleeves:  Short Sleeves\nFeatures: • Bio-Washed\nOrigin: • Pre-shrunk\nWash Care: • Light weight\nPlease Note: • Breathable Fabric\nMade in India • Comfort fit\n"},
{"category": "pick-printed-t-shirts", "url": "https://nobero.com/products/different-yet-same-classic-fit-t-shirt?variant=45196986187942", "title": "Different Yet Same Classic Fit T-Shirt", "price": "₹499", "MRP": "₹999", "product_url": [], "last_7_day_sale": "0", "available_skus": [{"color": "Nutshell", "size": ["S", "M", "L", "XL", "XXL", "XXXL"]}, {"color": "", "size": []}], "fit": "Regular Fit", "fabric": "180 GSM 100% Cotton", "neck": "Round Neck", "sleeve": "Regular Sleeve", "pattern": "Graphic Print", "length": "Regular", "description": "Fabric: These relaxed fit joggers are expertly crafted from high-quality cotton fabric, ensuring a soft and breathable feel that lasts all day long. They are versatile enough to be worn while running errands, hitting the gym, or simply lounging at home. Elevate your wardrobe with our cotton joggers for men, and pair them with trendy t-shirts for a dapper look.\nFit Type:  60% Cotton 40% Polyester\nPattern:  Oversized Fit\nCare Instructions:  Cut & sew panel, Acid Wash\nMade in India  Wash dark colours separately. Machine wash, gentle cycle. Do not bleach. Tumble dry low. Iron on lowest setting. Do not scrub or iron on print directly.\n"},
{"category": "pick-printed-t-shirts", "url": "https://nobero.com/products/take-a-break?variant=40752221520038", "title": "Take A Break Classic Fit T-Shirt", "price": "₹499", "MRP": "₹999", "product_url": [], "last_7_day_sale": "1333", "available_skus": [{"color": "Black", "size": ["S", "M", "L", "XL", "XXL", "XXXL"]}, {"color": "", "size": []}], "fit": "Regular Fit", "fabric": "180 GSM 100% Cotton", "neck": "Round Neck", "sleeve": "Regular Sleeve", "pattern": "Graphic Print", "length": "Regular", "description": ""},
{"category": "pick-printed-t-shirts", "url": "https://nobero.com/products/the-best-sellers-3-pack-14?variant=45736628355238", "title": "The Best-Sellers - 3 Pack", "price": "₹999", "MRP": "₹1,499", "product_url": [], "last_7_day_sale": "0", "available_skus": [{"color": "Olive Green/ Wine Red/ White", "size": ["S", "M", "L", "XL", "XXL", "XXXL"]}, {"color": "", "size": []}], "fit": "Regular Fit", "fabric": "100% Cotton", "neck": "Round Neck", "sleeve": "Regular Sleeve", "pattern": "Graphic Print", "length": "Regular", "description": "Material:  100% Combed Cotton (Bio-Washed and Pre-Shrunk)\nNeck:  Crew Neck\nSleeves:  Short Sleeves\nFeatures: • Bio-Washed\nOrigin: • Pre-shrunk\nWash Care: • Light weight\nPlease Note: • Breathable Fabric\nMade in India • Comfort fit\n"},
{"category": "pick-printed-t-shirts", "url": "https://nobero.com/products/balance-v3-classic-fit-t-shirt?variant=45499639955622", "title": "Balance Life Classic Fit T-Shirt", "price": "₹499", "MRP": "₹999", "product_url": [], "last_7_day_sale": "703", "available_skus": [{"color": "Sand", "size": ["S", "M", "L", "XL", "XXL", "XXXL"]}, {"color": "", "size": []}], "fit": "Regular Fit", "fabric": "180 GSM 100% Cotton", "neck": "Round Neck", "sleeve": "Regular Sleeve", "pattern": "Graphic Print", "length": "Regular", "description": "Material:  100% Combed Cotton (Bio-Washed and Pre-Shrunk)\nNeck:  Crew Neck\nSleeves:  Short Sleeves\nFeatures: • Bio-Washed\nOrigin: • Pre-shrunk\nWash Care: • Light weight\nPlease Note: • Breathable Fabric\nMade in India • Comfort fit\nMade in India • Durable and Flexible\n"},
{"category": "pick-printed-t-shirts", "url": "https://nobero.com/products/voyage-classic-fit-t-shirt-1?variant=44889264554150", "title": "Voyage Classic Fit T-Shirt", "price": "₹499", "MRP": "₹999", "product_url": [], "last_7_day_sale": "678", "available_skus": [{"color": "Blush", "size": ["S", "M", "L", "XL", "XXL", "XXXL"]}, {"color": "", "size": []}], "fit": "Regular Fit", "fabric": "180 GSM 100% Cotton", "neck": "Round Neck", "sleeve": "Regular Sleeve", "pattern": "Graphic Print", "length": "Regular", "description": "Material:  100% Combed Cotton (Bio-Washed and Pre-Shrunk)\nNeck:  Crew Neck\nSleeves:  Short Sleeves\nFeatures: • Bio-Washed\nOrigin: • Pre-shrunk\nWash Care: • Light weight\nPlease Note: • Breathable Fabric\nMade in India • Comfort fit\n"},
{"category": "pick-printed-t-shirts", "url": "https://nobero.com/products/balance-printed-t-shirt?variant=44065172226214", "title": "Balance Classic Fit T-Shirt", "price": "₹499", "MRP": "₹999", "product_url": [], "last_7_day_sale": "835", "available_skus": [{"color": "Aloe Green", "size": ["S", "M", "L", "XL", "XXL", "XXXL"]}, {"color": "", "size": []}], "fit": "Regular Fit", "fabric": "180 GSM 100% Cotton", "neck": "Round Neck", "sleeve": "Regular Sleeve", "pattern": "Graphic Print", "length": "Regular", "description": "Material:  100% Combed Cotton (Bio-Washed and Pre-Shrunk)\nNeck:  Crew Neck\nSleeves:  Short Sleeves\nFeatures: • Bio-Washed\nOrigin: • Pre-shrunk\nWash Care: • Light weight\nPlease Note: • Breathable Fabric\nMade in India • Comfort fit\n"},
{"category": "pick-printed-t-shirts", "url": "https://nobero.com/products/believe-in-yourself-3?variant=37699714121894", "title": "Believe in Yourself Classic Fit T-Shirt", "price": "₹499", "MRP": "₹999", "product_url": [], "last_7_day_sale": "673", "available_skus": [{"color": "Black", "size": ["S", "M", "L", "XL", "XXL", "XXXL"]}, {"color": "", "size": []}], "fit": "Regular Fit", "fabric": "180 GSM 100% Cotton", "neck": "Round Neck", "sleeve": "Regular Sleeve", "pattern": "Graphic Print", "length": "Regular", "description": "Material:  100% Combed Cotton (Bio-Washed and Pre-Shrunk)\nNeck:  Crew Neck\nSleeves:  Short Sleeves\nFeatures: • Bio-Washed\nOrigin: • Pre-shrunk\nWash Care: • Light weight\nPlease Note: • Breathable Fabric\nMade in India • Comfort fit\n"},
{"category": "pick-printed-t-shirts", "url": "https://nobero.com/products/and?variant=44065207779494", "title": "AND Life Goes On Classic Fit T-Shirt", "price": "₹499", "MRP": "₹999", "product_url": [], "last_7_day_sale": "1489", "available_skus": [{"color": "Olive Green", "size": ["S", "M", "L", "XL", "XXL", "XXXL"]}, {"color": "", "size": []}], "fit": "Regular Fit", "fabric": "180 GSM 100% Cotton", "neck": "Round Neck", "sleeve": "Regular Sleeve", "pattern": "Graphic Print", "length": "Regular", "description": "Material:  100% Combed Cotton (Bio-Washed and Pre-Shrunk)\nNeck:  Crew Neck\nSleeves:  Short Sleeves\nFeatures: • Bio-Washed\nOrigin: • Pre-shrunk\nWash Care: • Light weight\nPlease Note: • Breathable Fabric\nMade in India • Comfort fit\n"},
{"category": "pick-printed-t-shirts", "url": "https://nobero.com/products/the-best-sellers-3-pack-13?variant=45736625537190", "title": "The Best-Sellers - 3 Pack", "price": "₹999", "MRP": "₹1,499", "product_url": [], "last_7_day_sale": "0", "available_skus": [{"color": "Black/ White/ Marine", "size": ["S", "M", "L", "XL", "XXL", "XXXL"]}, {"color": "", "size": []}], "fit": "Regular Fit", "fabric": "100% Cotton", "neck": "Round Neck", "sleeve": "Regular Sleeve", "pattern": "Graphic Print", "length": "Regular", "description": "Material:  100% Combed Cotton (Bio-Washed and Pre-Shrunk)\nNeck:  Crew Neck\nSleeves:  Short Sleeves\nFeatures: • Bio-Washed\nOrigin: • Pre-shrunk\nWash Care: • Light weight\nPlease Note: • Breathable Fabric\nMade in India • Comfort fit\n"},
{"category": "pick-printed-t-shirts", "url": "https://nobero.com/products/never-say-no-to-adventure?variant=43969661763750", "title": "Never Say No Classic Fit T-Shirt", "price": "₹499", "MRP": "₹999", "product_url": [], "last_7_day_sale": "1355", "available_skus": [{"color": "Powder Blue", "size": ["S", "M", "L", "XL", "XXL", "XXXL"]}, {"color": "", "size": []}], "fit": "Regular Fit", "fabric": "180 GSM 100% Cotton", "neck": "Round Neck", "sleeve": "Regular Sleeve", "pattern": "Graphic Print", "length": "Regular", "description": "Material:  100% Combed Cotton (Bio-Washed and Pre-Shrunk)\nNeck:  Crew Neck\nSleeves:  Short Sleeves\nFeatures: • Bio-Washed\nOrigin: • Pre-shrunk\nWash Care: • Light weight\nPlease Note: • Breathable Fabric\nMade in India • Comfort fit\n"},
{"category": "pick-printed-t-shirts", "url": "https://nobero.com/products/wander-soul-4?variant=43975628357798", "title": "Wander Soul Classic Fit T-Shirt", "price": "₹499", "MRP": "₹999", "product_url": [], "last_7_day_sale": "1299", "available_skus": [{"color": "Marine", "size": ["S", "M", "L", "XL", "XXL", "XXXL"]}, {"color": "", "size": []}], "fit": "Regular Fit", "fabric": "180 GSM 100% Cotton", "neck": "Round Neck", "sleeve": "Regular Sleeve", "pattern": "Graphic Print", "length": "Regular", "description": ""},
{"category": "best-selling-co-ord-sets", "url": "https://nobero.com/products/wesley-colorblock-co-ord-1?variant=44274132648102", "title": "Wesley Colorblock Co-ord", "price": "₹1,399", "MRP": "₹2,798", "product_url": [], "last_7_day_sale": "0", "available_skus": [{"color": "Lavender Fog", "size": ["S", "M", "L", "XL", "XXL", "XXXL"]}, {"color": "", "size": []}], "fit": "Regular Fit", "fabric": "Cotton Poly Terry", "neck": "Round Neck", "sleeve": "Regular Sleeve", "pattern": "Mid-Rise", "length": "Solid", "description": "Fit Type:  Introducing the Fashleisure Edit co-ord sets for men by Nobero, the perfect fusion of style and comfort. Our Men's pink cotton co-ord sets with a classic pink montone t-shirt that pairs flawlessly together. The regular fit pink t-shirt add a touch of modernity, while the pink shorts with pintuck detail elevate your ensemble with a sophisticated edge. Made from high-quality cotton, these co-ord sets offer exceptional breathability and comfort, making them ideal for the summer season. Nobero's commitment to crafting co-ordinated ensembles for men shines through in this collection, providing effortless style and versatility. Whether you're going for a casual outing or a relaxed day at home, these cotton co-ord sets are designed to make a statement. Elevate your wardrobe with these summer pink co-ord sets and experience the perfect blend of fashion and ease.\nFabric: Relaxed Fit\nCare Instructions:  60% Cotton, 40% Polyester\nMade in India Machine cold wash, gentle cycle. Do not bleach. Tumble dry low.\n"},
{"category": "best-selling-co-ord-sets", "url": "https://nobero.com/products/pierre-mens-co-ords?variant=43958026272934", "title": "Pierre Men's Co-ords", "price": "₹1,799", "MRP": "₹3,598", "product_url": [], "last_7_day_sale": "0", "available_skus": [{"color": "Sea Foam", "size": ["S", "M", "L", "XL", "XXL", "XXXL"]}, {"color": "", "size": []}], "fit": "Regular Fit", "fabric": "Cotton Poly Terry", "neck": "Round Neck", "sleeve": "Regular Sleeve", "pattern": "Mid-Rise", "length": "Solid", "description": "Made in India Introducing our premium co-ords, the perfect solution for stylish comfort on-the-go. Designed with the modern traveler in mind, these co-ords are made from high-quality 240 GSM French Terry fabrics. Soft and comfortable, they are the perfect choice for long flights, airport layovers, or simply running errands. With a sleek, stylish design and a relaxed fit, you'll look and feel great no matter where your travels take you. Whether you're headed to a business meeting or exploring a new city, these premium co-ords will keep you looking and feeling your best. So why wait? Order now and experience the ultimate in comfort and style.\n"},
{"category": "best-selling-co-ord-sets", "url": "https://nobero.com/products/juan-mens-co-ord-sets?variant=43675931836582", "title": "Juan Men's Co-ord Set", "price": "₹1,899", "MRP": "₹3,798", "product_url": [], "last_7_day_sale": "0", "available_skus": [{"color": "Grey Melange", "size": ["S", "M", "L", "XL", "XXL", "XXXL"]}, {"color": "", "size": []}], "fit": "Regular Fit", "fabric": "Cotton Poly Terry", "neck": "Round Neck", "sleeve": "Regular Sleeve", "pattern": "Mid-Rise", "length": "Solid", "description": "Product Details :   \nTOP:   \n"},
{"category": "best-selling-co-ord-sets", "url": "https://nobero.com/products/hwak-mens-co-ord-sets?variant=42543487484070", "title": "Hwak Men's Co-ord Set", "price": "₹1,599", "MRP": "₹3,198", "product_url": [], "last_7_day_sale": "95", "available_skus": [{"color": "Navy Blue", "size": ["S", "M", "L", "XL", "XXL", "XXXL"]}, {"color": "", "size": []}], "fit": "Regular Fit", "fabric": "Cotton Poly Terry", "neck": "Round Neck", "sleeve": "Regular Sleeve", "pattern": "Mid-Rise", "length": "Solid", "description": ""},
{"category": "best-selling-co-ord-sets", "url": "https://nobero.com/products/co-ord-set?variant=44185195184294", "title": "Oversized Cargo Utility Co-ord", "price": "₹1,899", "MRP": "₹3,798", "product_url": [], "last_7_day_sale": "0", "available_skus": [{"color": "Powder Blue", "size": ["S", "M", "L", "XL", "XXL", "XXXL"]}, {"color": "", "size": []}], "fit": "Relaxed Fit", "fabric": "Cotton Poly Terry", "neck": "Round Neck", "sleeve": "Regular Sleeve", "pattern": "Mid-Rise", "length": "Solid", "description": "Care Instructions: The Nobero Monotone co-ord Set is a stylish and comfortable clothing ensemble designed specifically for men. It features a crew-neck t-shirt with box pockets and elasticated box pocket joggers, offering both comfort and a sleek appearance. The set is characterised by its monotone colour scheme, adding a touch of elegance and versatility to the overall look. Whether you're lounging at home, running errands, or travelling, this co-ord set provides a fashionable and relaxed outfit option.\nFit Type:  Machine Wash, Wash Dark Colours Together\nFabric:  Regular Fit\nMade in India  60% Cotton, 40% Polyester\n"},
{"category": "best-selling-co-ord-sets", "url": "https://nobero.com/products/roger-mens-co-ord-set?variant=42247348781222", "title": "Oversized Roger Co-ord Set", "price": "₹1,599", "MRP": "₹3,198", "product_url": [], "last_7_day_sale": "65", "available_skus": [{"color": "Navy", "size": ["S", "M", "L", "XL", "XXL", "XXXL"]}, {"color": "", "size": []}], "fit": "Oversized Fit", "fabric": "Cotton Poly Terry", "neck": "Round Neck", "sleeve": "Regular Sleeve", "pattern": "Mid-Rise", "length": "Solid", "description": ""},
{"category": "best-selling-co-ord-sets", "url": "https://nobero.com/products/nolan-oversized-utility-co-ord?variant=45426858492070", "title": "Oversized Cargo Shorts Co-ord", "price": "₹1,799", "MRP": "₹3,598", "product_url": [], "last_7_day_sale": "0", "available_skus": [{"color": "Olive Green", "size": ["S", "M", "L", "XL", "XXL", "XXXL"]}, {"color": "", "size": []}], "fit": "Relaxed Fit", "fabric": "Cotton Poly Terry", "neck": "Round Neck", "sleeve": "Regular Sleeve", "pattern": "Mid-Rise", "length": "Solid", "description": "Fit Type:  The monotone co-ord set from Nobero's new collection, Fashleisure Edit, is a versatile and stylish outfit that combines comfort and fashion effortlessly. This set features a sleek, beige grey-coloured t-shirt and matching shorts, designed with attention to detail and a keen sense of aesthetics. The monotone colour palette adds an element of sophistication, making it a perfect choice for various occasions. The cotton t-shirt boasts a modern cut and high-quality fabric, ensuring a comfortable fit and a touch of elegance. The shorts with pintucks are crafted with a relaxed silhouette, offer both style and functionality, with an elastic waistband. Whether you're lounging at home, running errands, or going for a casual outing, the Monotone Co-ord Set from Nobero's Fashleisure Edit collection will effortlessly elevate your fashion game.\nFabric: Relaxed Fit\nCare Instructions:  60% Cotton, 40% Polyester\nMade in India Machine cold wash, gentle cycle. Do not bleach. Tumble dry low.\n"},
{"category": "best-selling-co-ord-sets", "url": "https://nobero.com/products/hwak-mens-co-ord-sets-1?variant=42613363015846", "title": "Hwak Men's Co-ord Set", "price": "₹1,599", "MRP": "₹3,198", "product_url": [], "last_7_day_sale": "95", "available_skus": [{"color": "Olive Green", "size": ["S", "M", "L", "XL", "XXL", "XXXL"]}, {"color": "", "size": []}], "fit": "Regular Fit", "fabric": "Cotton Poly Terry", "neck": "Round Neck", "sleeve": "Regular Sleeve", "pattern": "Mid-Rise", "length": "Solid", "description": ""},
{"category": "joggers-for-women", "url": "https://nobero.com/products/classic-pin-tuck-joggers-1?variant=44410308690086", "title": "Classic Pin-tuck Joggers", "price": "₹699", "MRP": "₹1,398", "product_url": [], "last_7_day_sale": "0", "available_skus": [{"color": "Cannoli", "size": ["XS", "S", "M", "L", "XL", "XXL"]}, {"color": "", "size": []}], "fit": "Regular Fit", "fabric": "Blended", "neck": "Mid-Rise", "sleeve": "Graphic Print", "pattern": "Ankle Length", "length": "Elasticated", "description": "Fabric: Discover Nobero's new Fashleisure collection of elevated basics, where style meets functional comfort in women's joggers. Designed with a modern twist, these beige joggers are a perfect addition to your wardrobe. Crafted with meticulous attention to detail and using premium materials, they offer a comfortable and luxurious feel. With sleek lines and contemporary silhouettes, these beige joggers comes with an elasticated hemline that effortlessly blend fashion and functionality. Whether you're dressing up for a chic outing or embracing a relaxed day, Nobero's elevated basics of pull-on elasticated joggers provide the perfect balance of style and comfort for the modern woman.\nFit Type:  60% Cotton 40% Polyester\nPattern:  Regular Fit\nCare Instructions:  Pintuck\nMade in India  Wash dark colours separately. Machine wash, gentle cycle. Do not bleach. Tumble dry low. Iron on lowest setting. Do not scrub or iron on print directly.\n"},
{"category": "best-selling-co-ord-sets", "url": "https://nobero.com/products/klaeinn-cargo-pocket-co-ord-set?variant=44829928259750", "title": "Oversized Klaeinn Cargo Pocket Co-ord Set", "price": "₹1,499", "MRP": "₹3,799", "product_url": [], "last_7_day_sale": "201", "available_skus": [{"color": "Powder Blue", "size": ["S", "M", "L", "XL", "XXL", "XXXL"]}, {"color": "", "size": []}], "fit": "Regular Fit", "fabric": "Cotton Poly Terry", "neck": "Round Neck", "sleeve": "Regular Sleeve", "pattern": "Mid-Rise", "length": "Solid", "description": "Made in India The Nobero monotone co-ord set is a fashionable and comfortable clothing ensemble tailored for men. This set features a regular fit t-shirt and knee-length elasticated shorts, offering a stylish and relaxed look. The set is adorned with contrast cut and sew panels, adding a touch of visual interest to the design. The t-shirt is complemented by typographic print detail, enhancing the overall aesthetic with a trendy element. With its monotone color scheme, this co-ord set exudes elegance and versatility, allowing you to effortlessly style it for various occasions. Whether you're lounging at home, running errands, or embarking on a travel adventure, this stylish ensemble guarantees both comfort and fashion-forward appeal. The relaxed fit shorts come with convenient side pockets, adding functionality to the set. Embrace comfort and style with the Nobero monotone co-ord set for a trendy and effortless look.\n"},
{"category": "joggers-for-women", "url": "https://nobero.com/products/baggy-fit-colorblocked-joggers-women?variant=45386278109350", "title": "Baggy Fit Colorblocked Joggers Women", "price": "₹1,199", "MRP": "₹2,399", "product_url": [], "last_7_day_sale": "0", "available_skus": [{"color": "Black", "size": ["XS", "S", "M", "L", "XL", "XXL"]}, {"color": "", "size": []}], "fit": "Baggy Fit", "fabric": "Cotton Poly Terry", "neck": "Mid-Rise", "sleeve": "SolidCut & Sew", "pattern": "Ankle Length", "length": "Elasticated", "description": "Product Details :  \nCare : Soft, stretchy Baby Fleece. \nSize & Fit : Cotton Rich Blend, 240 GSM, French Terry\nStyle Note : Machine wash according to instructions on the care label.\nMade in India Model's height: 185cm/6'1\"\n"},
{"category": "joggers-for-women", "url": "https://nobero.com/products/brooke-women-joggers?variant=44149279359142", "title": "Brooke Women Joggers", "price": "₹699", "MRP": "₹1,398", "product_url": [], "last_7_day_sale": "0", "available_skus": [{"color": "Arctic Wolf", "size": ["XS", "S", "M", "L", "XL", "XXL"]}, {"color": "", "size": []}], "fit": "Regular Fit", "fabric": "Blended", "neck": "Mid-Rise", "sleeve": "Pintuck", "pattern": "Ankle Length", "length": "Elasticated", "description": "Fabric:  60% Cotton 40% Polyester\nFit Type:  Regular Fit \nPattern:  Pin Tuck\nCare Instructions:  Wash dark colours separately. Machine wash, gentle cycle. Do not bleach. Tumble dry low. Iron on lowest setting. Do not scrub or iron on print directly.\n"},
{"category": "joggers-for-women", "url": "https://nobero.com/products/oversized-flap-cargo-joggers-women?variant=45387433377958", "title": "Oversized Flap Cargo Joggers Women", "price": "₹1,199", "MRP": "₹2,399", "product_url": [], "last_7_day_sale": "0", "available_skus": [{"color": "Grey Melange", "size": ["XS", "S", "M", "L", "XL", "XXL"]}, {"color": "", "size": []}], "fit": "Oversized Fit", "fabric": "Cotton Poly Terry", "neck": "Mid-Rise", "sleeve": "Solid", "pattern": "Ankle Length", "length": "Elasticated", "description": "Product Details :  \nCare : Soft, stretchy Baby Fleece. \nSize & Fit : Cotton Rich Blend, 240 GSM, French Terry\nStyle Note : Machine wash according to instructions on the care label.\nMade in India Model's height: 185cm/6'1\"\n"},
{"category": "joggers-for-women", "url": "https://nobero.com/products/oversized-flap-cargo-joggers-women-powder-blue?variant=45500296265894", "title": "Oversized Flap Cargo Joggers Women", "price": "₹1,199", "MRP": "₹2,399", "product_url": [], "last_7_day_sale": "0", "available_skus": [{"color": "Powder Blue", "size": ["XS", "S", "M", "L", "XL", "XXL"]}, {"color": "", "size": []}], "fit": "Oversized Fit", "fabric": "Cotton Poly Terry", "neck": "Mid-Rise", "sleeve": "Solid", "pattern": "Ankle Length", "length": "Elasticated", "description": "Product Details :  \nCare : Soft, stretchy Baby Fleece. \nSize & Fit : Cotton Rich Blend, 240 GSM, French Terry\nStyle Note : Machine wash according to instructions on the care label.\nMade in India Model's height: 185cm/6'1\"\n"},
{"category": "joggers-for-women", "url": "https://nobero.com/products/oversized-colorblocked-joggers-women?variant=45386271522982", "title": "Oversized Colorblocked Joggers Women", "price": "₹999", "MRP": "₹1,998", "product_url": [], "last_7_day_sale": "0", "available_skus": [{"color": "Powder Blue", "size": ["XS", "S", "M", "L", "XL", "XXL"]}, {"color": "", "size": []}], "fit": "Oversized Fit", "fabric": "Cotton Poly Terry", "neck": "Mid-Rise", "sleeve": "Solid", "pattern": "Ankle Length", "length": "Elasticated", "description": "Product Details :  \nCare : Soft, stretchy Baby Fleece. \nSize & Fit : Cotton Rich Blend, 240 GSM, French Terry\nStyle Note : Machine wash according to instructions on the care label.\nMade in India Model's height: 185cm/6'1\"\n"},
{"category": "joggers-for-women", "url": "https://nobero.com/products/baggy-fit-colorblocked-joggers-women-olive-green?variant=45500287418534", "title": "Baggy Fit Colorblocked Joggers Women", "price": "₹1,199", "MRP": "₹2,399", "product_url": [], "last_7_day_sale": "0", "available_skus": [{"color": "Olive Green", "size": ["XS", "S", "M", "L", "XL", "XXL"]}, {"color": "", "size": []}], "fit": "Baggy Fit", "fabric": "Cotton Poly Terry", "neck": "Mid-Rise", "sleeve": "SolidCut & Sew", "pattern": "Ankle Length", "length": "Elasticated", "description": "Product Details :  \nCare : Soft, stretchy Baby Fleece. \nSize & Fit : Cotton Rich Blend, 240 GSM, French Terry\nStyle Note : Machine wash according to instructions on the care label.\nMade in India Model's height: 185cm/6'1\"\n"},
{"category": "fashion-joggers-men", "url": "https://nobero.com/products/oversized-cargo-joggers-powder-blue?variant=44661329690790", "title": "Oversized Cargo Joggers", "price": "₹999", "MRP": "₹1,999", "product_url": [], "last_7_day_sale": "1866", "available_skus": [{"color": "Powder Blue", "size": ["S", "M", "L", "XL", "XXL", "XXXL"]}, {"color": "", "size": []}], "fit": "Oversized Fit", "fabric": "Cotton Poly Terry", "neck": "Mid-Rise", "sleeve": "Solid", "pattern": "Ankle Length", "length": "Elasticated", "description": "Fabric: Introducing our Men's Oversized Cargo Joggers, the perfect blend of comfort and style. Crafted with Cotton Rich Blend, 240 GSM, French Terry, these joggers offer a soft and breathable feel, ideal for all-day wear.\nFit Type: The straight fit of the joggers ensures comfortable and unrestricted movement. With boxy side pockets and a soft elasticated waistband - these joggers exude a trendy and edgy vibe. Whether you're heading to the gym or running errands, our Men's Joggers are the go-to choice for a fashionable and relaxed summer ensemble.\nPattern:  Cotton Rich Blend, 240 GSM, French Terry\nCare Instructions:  Oversized Fit\nMade in India  Utility Pockets\n"},
{"category": "fashion-joggers-men", "url": "https://nobero.com/products/oversized-cargo-joggers-grey-melange?variant=44661281128614", "title": "Oversized Cargo Joggers", "price": "₹999", "MRP": "₹1,999", "product_url": [], "last_7_day_sale": "1866", "available_skus": [{"color": "Grey Melange", "size": ["S", "M", "L", "XL", "XXL", "XXXL"]}, {"color": "", "size": []}], "fit": "Oversized Fit", "fabric": "Cotton Poly Terry", "neck": "Mid-Rise", "sleeve": "Solid", "pattern": "Ankle Length", "length": "Elasticated", "description": "Fabric: Introducing our Men's Oversized Cargo Joggers, the perfect blend of comfort and style. Crafted with Cotton Rich Blend, 240 GSM, French Terry, these joggers offer a soft and breathable feel, ideal for all-day wear.\nFit Type: The straight fit of the joggers ensures comfortable and unrestricted movement. With boxy side pockets and a soft elasticated waistband - these joggers exude a trendy and edgy vibe. Whether you're heading to the gym or running errands, our Men's Joggers are the go-to choice for a fashionable and relaxed summer ensemble.\nPattern:  Cotton Rich Blend, 240 GSM, French Terry\nCare Instructions:  Oversized Fit\nMade in India  Utility Pockets\n"},
{"category": "fashion-joggers-men", "url": "https://nobero.com/products/adventure-awaits-oversized-joggers?variant=44238918680742", "title": "Adventure Joggers", "price": "₹999", "MRP": "₹1,999", "product_url": [], "last_7_day_sale": "83", "available_skus": [{"color": "Grey Melange", "size": ["S", "M", "L", "XL", "XXL", "XXXL"]}, {"color": "", "size": []}], "fit": "Oversized Fit", "fabric": "Cotton Poly Terry", "neck": "Mid-Rise", "sleeve": "Cut & SewTypography Print", "pattern": "Ankle Length", "length": "Elasticated", "description": "Fabric: Introducing our men's joggers, the perfect blend of comfort and style. Crafted with a combination of Cotton Rich Blend, 240 GSM, French Terry, these joggers offer a soft and breathable feel, ideal for all-day wear. \nFit Type: The oversized fit of the joggers ensure a comfortable and unrestricted movement, while grey the colour adds a versatile touch to any outfit. With trendy side pockets and cut & sew panels - these joggers exude a trendy and edgy vibe. Whether you're heading to the gym or running errands, our men's shorts are the go-to choice for a fashionable and relaxed summer ensemble.\nPattern:  Cotton Rich Blend, 240 GSM, French Terry\nCare Instructions:  Oversized Fit\nMade in India  Cut & sew panel,Typography\n"},
{"category": "fashion-joggers-men", "url": "https://nobero.com/products/copy-of-oversized-navy-blue?variant=44661311537318", "title": "Oversized Cargo Joggers", "price": "₹999", "MRP": "₹1,999", "product_url": [], "last_7_day_sale": "1866", "available_skus": [{"color": "Navy Blue", "size": ["S", "M", "L", "XL", "XXL", "XXXL"]}, {"color": "", "size": []}], "fit": "Oversized Fit", "fabric": "Cotton Poly Terry", "neck": "Mid-Rise", "sleeve": "Solid", "pattern": "Ankle Length", "length": "Elasticated", "description": "Fabric: Introducing our Men's Oversized Cargo Joggers, the perfect blend of comfort and style. Crafted with Cotton Rich Blend, 240 GSM, French Terry, these joggers offer a soft and breathable feel, ideal for all-day wear.\nFit Type: The straight fit of the joggers ensures comfortable and unrestricted movement. With boxy side pockets and a soft elasticated waistband - these joggers exude a trendy and edgy vibe. Whether you're heading to the gym or running errands, our Men's Joggers are the go-to choice for a fashionable and relaxed summer ensemble.\nPattern:  Cotton Rich Blend, 240 GSM, French Terry\nCare Instructions:  Oversized Fit\nMade in India  Utility Pockets\n"},
{"category": "fashion-joggers-men", "url": "https://nobero.com/products/malone-joggers?variant=43675468497062", "title": "Malone Joggers", "price": "₹1,199", "MRP": "₹2,399", "product_url": [], "last_7_day_sale": "91", "available_skus": [{"color": "Black", "size": ["S", "M", "L", "XL", "XXL", "XXXL"]}, {"color": "", "size": []}], "fit": "Oversized Fit", "fabric": "Cotton Poly Terry", "neck": "Mid-Rise", "sleeve": "Solid", "pattern": "Ankle Length", "length": "Elasticated", "description": "Product Details:  \nRegular fit Care : Soft, stretchy Baby Fleece. \nSize & Fit : Cotton Rich Blend, 240 GSM, French Terry\nStyle Note : Machine wash according to instructions on the care label.\nMade in India Model's height: 185cm/6'1\"\n"},
{"category": "fashion-joggers-men", "url": "https://nobero.com/products/oversized-cargo-joggers-olive-green?variant=44661302296742", "title": "Oversized Cargo Joggers", "price": "₹999", "MRP": "₹1,999", "product_url": [], "last_7_day_sale": "1866", "available_skus": [{"color": "Olive Green", "size": ["S", "M", "L", "XL", "XXL", "XXXL"]}, {"color": "", "size": []}], "fit": "Oversized Fit", "fabric": "Cotton Poly Terry", "neck": "Mid-Rise", "sleeve": "Solid", "pattern": "Ankle Length", "length": "Elasticated", "description": "Fabric: Introducing our Men's Oversized Cargo Joggers, the perfect blend of comfort and style. Crafted with Cotton Rich Blend, 240 GSM, French Terry, these joggers offer a soft and breathable feel, ideal for all-day wear.\nFit Type: The straight fit of the joggers ensures comfortable and unrestricted movement. With boxy side pockets and a soft elasticated waistband - these joggers exude a trendy and edgy vibe. Whether you're heading to the gym or running errands, our Men's Joggers are the go-to choice for a fashionable and relaxed summer ensemble.\nPattern:  Cotton Rich Blend, 240 GSM, French Terry\nCare Instructions:  Oversized Fit\nMade in India  Utility Pockets\n"},
{"category": "fashion-joggers-men", "url": "https://nobero.com/products/contrast-striped-joggers?variant=45384257503398", "title": "Contrast Striped Joggers", "price": "₹1,299", "MRP": "₹2,599", "product_url": [], "last_7_day_sale": "95", "available_skus": [{"color": "Black", "size": ["S", "M", "L", "XL", "XXL", "XXXL"]}, {"color": "", "size": []}], "fit": "Straight Fit", "fabric": "Cotton Poly Terry", "neck": "Mid-Rise", "sleeve": "SolidStripe", "pattern": "Ankle Length", "length": "Elasticated", "description": "Product Details : Soft, stretchy Baby Fleece. \nCare : Cotton Rich Blend, 240 GSM, French Terry\nSize & Fit : Machine wash according to instructions on the care label.\nStyle Note : Model's height: 185cm/6'1\"\nMade in India Model is wearing: Size Medium\n"},
{"category": "fashion-joggers-men", "url": "https://nobero.com/products/oversized-multi-pocket-cargo-joggers-1?variant=45392108552358", "title": "Oversized Multi Pocket Cargo Joggers", "price": "₹1,299", "MRP": "₹2,599", "product_url": [], "last_7_day_sale": "76", "available_skus": [{"color": "Navy Blue", "size": ["S", "M", "L", "XL", "XXL", "XXXL"]}, {"color": "", "size": []}], "fit": "Oversized Fit", "fabric": "Cotton Poly Terry", "neck": "Mid-Rise", "sleeve": "Solid", "pattern": "Ankle Length", "length": "Elasticated", "description": "Product Details :  \nCare : Soft, stretchy Baby Fleece. \nSize & Fit : Cotton Rich Blend, 240 GSM, French Terry\nStyle Note : Machine wash according to instructions on the care label.\nMade in India Model's height: 185cm/6'1\"\n"},
{"category": "fashion-joggers-men", "url": "https://nobero.com/products/nmjg-10?variant=44767416090790", "title": "Front Pocket Joggers", "price": "₹999", "MRP": "₹1,999", "product_url": [], "last_7_day_sale": "155", "available_skus": [{"color": "Grey Melange", "size": ["S", "M", "L", "XL", "XXL", "XXXL"]}, {"color": "", "size": []}], "fit": "Straight Fit", "fabric": "Cotton Poly Terry", "neck": "Mid-Rise", "sleeve": "Solid", "pattern": "Ankle Length", "length": "Elasticated", "description": "Product Details : Soft, stretchy Baby Fleece. \nCare : Cotton Rich Blend, 240 GSM, French Terry\nSize & Fit : Machine wash according to instructions on the care label.\nStyle Note : Model's height: 185cm/6'1\"\nMade in India Model is wearing: Size Medium\n"},
{"category": "plus-size-t-shirts", "url": "https://nobero.com/products/forever-state-of-mind-oversized-plussized-t-shirt?variant=45368618025126", "title": "Forever- State of Mind Oversized Plussized T-Shirt", "price": "₹599", "MRP": "₹999", "product_url": [], "last_7_day_sale": "0", "available_skus": [{"color": "Mauve", "size": ["4XL", "5XL", "6XL", "7XL"]}, {"color": "", "size": []}], "fit": "Oversized Fit", "fabric": "220 GSM 100% Cotton", "neck": "Round Neck", "sleeve": "Regular Sleeve", "pattern": "Graphic Print", "length": "Regular", "description": ""},
{"category": "fashion-joggers-men", "url": "https://nobero.com/products/oversized-side-strip-joggers?variant=44570662797478", "title": "Oversized Zaedn Joggers", "price": "₹999", "MRP": "₹1,999", "product_url": [], "last_7_day_sale": "245", "available_skus": [{"color": "Black", "size": ["S", "M", "L", "XL", "XXL", "XXXL"]}, {"color": "", "size": []}], "fit": "Oversized Fit", "fabric": "Cotton Poly Terry", "neck": "Mid-Rise", "sleeve": "StripeColor Block", "pattern": "Ankle Length", "length": "Elasticated", "description": "Product Details :  \nCare : Soft, stretchy Baby Fleece. \nSize & Fit : Cotton Rich Blend, 240 GSM, French Terry\nStyle Note : Machine wash according to instructions on the care label.\nMade in India Model's height: 185cm/6'1\"\n"},
{"category": "plus-size-t-shirts", "url": "https://nobero.com/products/different-yet-same-oversized-plussized-t-shirt?variant=45368620941478", "title": "Different Yet Same Oversized Plussized T-Shirt", "price": "₹599", "MRP": "₹999", "product_url": [], "last_7_day_sale": "0", "available_skus": [{"color": "Nutshell", "size": ["4XL", "5XL", "6XL", "7XL"]}, {"color": "", "size": []}], "fit": "Oversized Fit", "fabric": "220 GSM 100% Cotton", "neck": "Round Neck", "sleeve": "Regular Sleeve", "pattern": "Graphic Print", "length": "Regular", "description": ""},
{"category": "fashion-joggers-men", "url": "https://nobero.com/products/zip-pocket-joggers-olive-green?variant=44680867414182", "title": "Zip-Pocket Joggers", "price": "₹899", "MRP": "₹1,999", "product_url": [], "last_7_day_sale": "1548", "available_skus": [{"color": "Olive Green", "size": ["S", "M", "L", "XL", "XXL", "XXXL"]}, {"color": "", "size": []}], "fit": "Regular Fit", "fabric": "Cotton Poly Terry", "neck": "Mid-Rise", "sleeve": "Solid", "pattern": "Ankle Length", "length": "Elasticated", "description": ""},
{"category": "plus-size-t-shirts", "url": "https://nobero.com/products/be-fearlessly-authentic-plus-size-regular-fit-t-shirt?variant=45368559370406", "title": "Be Fearlessly Authentic Plus Size Regular Fit T-Shirt", "price": "₹599", "MRP": "₹999", "product_url": [], "last_7_day_sale": "0", "available_skus": [{"color": "Wine Red", "size": ["4XL", "5XL", "6XL", "7XL"]}, {"color": "", "size": []}], "fit": "Regular Fit", "fabric": "180 GSM 100% Cotton", "neck": "Round Neck", "sleeve": "Regular Sleeve", "pattern": "Graphic Print", "length": "Regular", "description": "Material:  100% Combed Cotton (Bio-Washed and Pre-Shrunk)\nNeck:  Crew Neck\nSleeves:  Short Sleeves\nFeatures: • Bio-Washed\nOrigin: • Pre-shrunk\nWash Care: • Light weight\nPlease Note: • Breathable Fabric\nMade in India • Comfort fit\n"},
{"category": "plus-size-t-shirts", "url": "https://nobero.com/products/oversized-plussized-t-shirt?variant=45379824550054", "title": "Oversized Plus Size T-Shirt", "price": "₹599", "MRP": "₹999", "product_url": [], "last_7_day_sale": "0", "available_skus": [{"color": "Powder Blue", "size": ["4XL", "5XL", "6XL", "7XL"]}, {"color": "", "size": []}], "fit": "Oversized Fit", "fabric": "220 GSM 100% Cotton", "neck": "Round Neck", "sleeve": "Regular Sleeve", "pattern": "Graphic Print", "length": "Regular", "description": ""},
{"category": "plus-size-t-shirts", "url": "https://nobero.com/products/plus-size-t-shirt-1?variant=45147560444070", "title": "Plus Size T-Shirt", "price": "₹599", "MRP": "₹999", "product_url": [], "last_7_day_sale": "53", "available_skus": [{"color": "Grey Melange", "size": ["4XL", "5XL", "6XL", "7XL"]}, {"color": "", "size": []}], "fit": "Regular Fit", "fabric": "220 GSM 100% Cotton", "neck": "Round Neck", "sleeve": "Regular Sleeve", "pattern": "Graphic Print", "length": "Regular", "description": ""},
{"category": "plus-size-t-shirts", "url": "https://nobero.com/products/dream-plus-size-regular-fit-t-shirt?variant=45368536694950", "title": "Dream Plus Size Regular Fit T-Shirt", "price": "₹599", "MRP": "₹999", "product_url": [], "last_7_day_sale": "0", "available_skus": [{"color": "Olive Green", "size": ["4XL", "5XL", "6XL", "7XL"]}, {"color": "", "size": []}], "fit": "Regular Fit", "fabric": "180 GSM 100% Cotton", "neck": "Round Neck", "sleeve": "Regular Sleeve", "pattern": "Graphic Print", "length": "Regular", "description": "Material:  100% Combed Cotton (Bio-Washed and Pre-Shrunk)\nNeck:  Crew Neck\nSleeves:  Short Sleeves\nFeatures: • Bio-Washed\nOrigin: • Pre-shrunk\nWash Care: • Light weight\nPlease Note: • Breathable Fabric\nMade in India • Comfort fit\n"},
{"category": "plus-size-t-shirts", "url": "https://nobero.com/products/wandersoul-plus-size-regular-fit-t-shirt-copy?variant=45368509038758", "title": "Wandersoul Plus Size Regular Fit T-Shirt", "price": "₹599", "MRP": "₹999", "product_url": [], "last_7_day_sale": "0", "available_skus": [{"color": "Marine", "size": ["4XL", "5XL", "6XL", "7XL"]}, {"color": "", "size": []}], "fit": "Regular Fit", "fabric": "180 GSM 100% Cotton", "neck": "Round Neck", "sleeve": "Regular Sleeve", "pattern": "Graphic Print", "length": "Regular", "description": "Material:  100% Combed Cotton (Bio-Washed and Pre-Shrunk)\nNeck:  Crew Neck\nSleeves:  Short Sleeves\nFeatures: • Bio-Washed\nOrigin: • Pre-shrunk\nWash Care: • Light weight\nPlease Note: • Breathable Fabric\nMade in India • Comfort fit\n"},
{"category": "plus-size-t-shirts", "url": "https://nobero.com/products/hidden-treasure-plus-size-regular-fit-t-shirt?variant=45368523718822", "title": "Hidden Treasure Plus Size Regular Fit T-Shirt", "price": "₹599", "MRP": "₹999", "product_url": [], "last_7_day_sale": "0", "available_skus": [{"color": "Nutshell", "size": ["4XL", "5XL", "6XL", "7XL"]}, {"color": "", "size": []}], "fit": "Regular Fit", "fabric": "180 GSM 100% Cotton", "neck": "Round Neck", "sleeve": "Regular Sleeve", "pattern": "Graphic Print", "length": "Regular", "description": "Material:  100% Combed Cotton (Bio-Washed and Pre-Shrunk)\nNeck:  Crew Neck\nSleeves:  Short Sleeves\nFeatures: • Bio-Washed\nOrigin: • Pre-shrunk\nWash Care: • Light weight\nPlease Note: • Breathable Fabric\nMade in India • Comfort fit\n"},
{"category": "plus-size-t-shirts", "url": "https://nobero.com/products/internet-is-broken-plus-size-regular-fit-t-shirt?variant=45368533942438", "title": "Internet is Broken Plus Size Regular Fit T-Shirt", "price": "₹599", "MRP": "₹999", "product_url": [], "last_7_day_sale": "0", "available_skus": [{"color": "Olive Green", "size": ["4XL", "5XL", "6XL", "7XL"]}, {"color": "", "size": []}], "fit": "Regular Fit", "fabric": "180 GSM 100% Cotton", "neck": "Round Neck", "sleeve": "Regular Sleeve", "pattern": "Graphic Print", "length": "Regular", "description": "Material:  100% Combed Cotton (Bio-Washed and Pre-Shrunk)\nNeck:  Crew Neck\nSleeves:  Short Sleeves\nFeatures: • Bio-Washed\nOrigin: • Pre-shrunk\nWash Care: • Light weight\nPlease Note: • Breathable Fabric\nMade in India • Comfort fit\n"},
{"category": "plus-size-t-shirts", "url": "https://nobero.com/products/plus-size-t-shirt?variant=45147337326758", "title": "Plus Size T-Shirt", "price": "₹599", "MRP": "₹999", "product_url": [], "last_7_day_sale": "53", "available_skus": [{"color": "Aloe Green", "size": ["4XL", "5XL", "6XL", "7XL"]}, {"color": "", "size": []}], "fit": "Regular Fit", "fabric": "220 GSM 100% Cotton", "neck": "Round Neck", "sleeve": "Regular Sleeve", "pattern": "Graphic Print", "length": "Regular", "description": ""},
{"category": "plus-size-t-shirts", "url": "https://nobero.com/products/oversized-plussized-t-shirt-1?variant=45380158587046", "title": "Oversized Plus Size T-Shirt", "price": "₹599", "MRP": "₹999", "product_url": [], "last_7_day_sale": "0", "available_skus": [{"color": "White", "size": ["4XL", "5XL", "6XL", "7XL"]}, {"color": "", "size": []}], "fit": "Oversized Fit", "fabric": "220 GSM 100% Cotton", "neck": "Round Neck", "sleeve": "Regular Sleeve", "pattern": "Graphic Print", "length": "Regular", "description": ""},
{"category": "fashion-joggers-men", "url": "https://nobero.com/products/owens-joggers?variant=43680586629286", "title": "Oversized Contrast Stitch Owens Joggers", "price": "₹999", "MRP": "₹1,999", "product_url": [], "last_7_day_sale": "351", "available_skus": [{"color": "Black", "size": ["S", "M", "L", "XL", "XXL", "XXXL"]}, {"color": "", "size": []}], "fit": "Oversized Fit", "fabric": "Cotton Poly Terry", "neck": "Mid-Rise", "sleeve": "Solid", "pattern": "Ankle Length", "length": "Elasticated", "description": "Product Details :  \n Care : Soft, stretchy Baby Fleece. \nSize & Fit : Cotton Rich Blend, 240 GSM, French Terry\nStyle Note : Machine wash according to instructions on the care label.\nMade in India Model's height: 185cm/6'1\"\n"},
{"category": "plus-size-t-shirts", "url": "https://nobero.com/products/be-free-plus-size-regular-fit-t-shirt?variant=45368551702694", "title": "Be Free Plus Size Regular Fit T-Shirt", "price": "₹599", "MRP": "₹999", "product_url": [], "last_7_day_sale": "0", "available_skus": [{"color": "White", "size": ["4XL", "5XL", "6XL", "7XL"]}, {"color": "", "size": []}], "fit": "Regular Fit", "fabric": "180 GSM 100% Cotton", "neck": "Round Neck", "sleeve": "Regular Sleeve", "pattern": "Graphic Print", "length": "Regular", "description": "Material:  100% Combed Cotton (Bio-Washed and Pre-Shrunk)\nNeck:  Crew Neck\nSleeves:  Short Sleeves\nFeatures: • Bio-Washed\nOrigin: • Pre-shrunk\nWash Care: • Light weight\nPlease Note: • Breathable Fabric\nMade in India • Comfort fit\n"},
{"category": "women-co-ords", "url": "https://nobero.com/products/annika-co-ord-set?variant=44235288117414", "title": "Annika  Co-ord Set", "price": "₹749", "MRP": "₹1,498", "product_url": [], "last_7_day_sale": "0", "available_skus": [{"color": "Green", "size": ["XS", "S", "M", "L", "XL", "XXL"]}, {"color": "", "size": []}], "fit": "Regular Fit", "fabric": "Cotton Poly Terry", "neck": "Round Neck", "sleeve": "Regular Sleeve", "pattern": "Mid-Rise", "length": "Solid", "description": "Fit Type: Introducing the Fashleisure co-ord sets by Nobero, the perfect fusion of style and comfort. This women's cotton co-ord set features a cropped t-shirt with drop shoulder that pairs flawlessly with tonal shorts. The croppped green t-shirt add a touch of modernity, while the tonal shorts elevate your ensemble with a sophisticated edge. Made from high-quality cotton, these green co-ord sets offer exceptional breathability and comfort, making them ideal for the summer season. Nobero's commitment to crafting co-ordinated ensembles for women shines through in this collection, providing effortless style and versatility. Whether you're going for a casual outing or a relaxed day at home, these cotton co-ord sets are designed to make a statement. Elevate your wardrobe with these summer co-ord sets and experience the perfect blend of fashion and ease.\nFabric:  60% Cotton, 40% Polyester\nCare Instructions:  \nMade in India  Machine Wash, Wash Dark Colours Together\n"},
{"category": "mens-shorts-collection", "url": "https://nobero.com/products/zip-pocket-shorts-2-pack-1?variant=45696244318374", "title": "2-Pack Zip Pocket Shorts", "price": "₹1,199", "MRP": "₹2,599", "product_url": [], "last_7_day_sale": "0", "available_skus": [{"color": "Black/ Olive Green", "size": ["S", "M", "L", "XL", "XXL", "XXXL"]}, {"color": "", "size": []}], "fit": "Regular Fit", "fabric": "100% Cotton", "neck": "Mid-Rise", "sleeve": "Solid", "pattern": "Knee Length", "length": "Elasticated", "description": ""},
{"category": "mens-shorts-collection", "url": "https://nobero.com/products/navy-blue-zip-pocket-shorts?variant=44924278898854", "title": "Navy Blue Zip Pocket Shorts", "price": "₹699", "MRP": "₹1,499", "product_url": [], "last_7_day_sale": "643", "available_skus": [{"color": "Navy Blue", "size": ["S", "M", "L", "XL", "XXL", "XXXL"]}, {"color": "", "size": []}], "fit": "Regular Fit", "fabric": "Cotton Poly Terry", "neck": "Mid-Rise", "sleeve": "Solid", "pattern": "Knee Length", "length": "Elasticated", "description": ""},
{"category": "mens-shorts-collection", "url": "https://nobero.com/products/black-zip-pocket-shorts?variant=44924284371110", "title": "Black Zip Pocket Shorts", "price": "₹699", "MRP": "₹1,499", "product_url": [], "last_7_day_sale": "643", "available_skus": [{"color": "Black", "size": ["S", "M", "L", "XL", "XXL", "XXXL"]}, {"color": "", "size": []}], "fit": "Regular Fit", "fabric": "Cotton Poly Terry", "neck": "Mid-Rise", "sleeve": "Solid", "pattern": "Knee Length", "length": "Elasticated", "description": ""},
{"category": "mens-shorts-collection", "url": "https://nobero.com/products/artic-wolf-zip-pocket-shorts?variant=44924296822950", "title": "Arctic Wolf Zip Pocket Shorts", "price": "₹699", "MRP": "₹1,499", "product_url": [], "last_7_day_sale": "643", "available_skus": [{"color": "Arctic Wolf", "size": ["S", "M", "L", "XL", "XXL", "XXXL"]}, {"color": "", "size": []}], "fit": "Regular Fit", "fabric": "Cotton Poly Terry", "neck": "Mid-Rise", "sleeve": "Solid", "pattern": "Knee Length", "length": "Elasticated", "description": ""},
{"category": "mens-shorts-collection", "url": "https://nobero.com/products/morphin-shorts-2-pack-1?variant=45696058982566", "title": "2-Pack Morphin Shorts", "price": "₹1,199", "MRP": "₹2,599", "product_url": [], "last_7_day_sale": "0", "available_skus": [{"color": "Black/ Grey Melange", "size": ["S", "M", "L", "XL", "XXL", "XXXL"]}, {"color": "", "size": []}], "fit": "Regular Fit", "fabric": "100% Cotton", "neck": "Mid-Rise", "sleeve": "Stripe", "pattern": "Knee Length", "length": "Elasticated", "description": ""},
{"category": "mens-shorts-collection", "url": "https://nobero.com/products/oat-milk-zip-pocket-shorts?variant=44924301607078", "title": "Oat Milk Zip Pocket Shorts", "price": "₹699", "MRP": "₹1,499", "product_url": [], "last_7_day_sale": "643", "available_skus": [{"color": "Oat Milk", "size": ["S", "M", "L", "XL", "XXL", "XXXL"]}, {"color": "", "size": []}], "fit": "Regular Fit", "fabric": "Cotton Poly Terry", "neck": "Mid-Rise", "sleeve": "Solid", "pattern": "Knee Length", "length": "Elasticated", "description": ""},
{"category": "mens-shorts-collection", "url": "https://nobero.com/products/grey-melange-zip-pocket-shorts?variant=44924292300966", "title": "Grey Melange Zip Pocket Shorts", "price": "₹699", "MRP": "₹1,499", "product_url": [], "last_7_day_sale": "643", "available_skus": [{"color": "Grey Melange", "size": ["S", "M", "L", "XL", "XXL", "XXXL"]}, {"color": "", "size": []}], "fit": "Regular Fit", "fabric": "Cotton Poly Terry", "neck": "Mid-Rise", "sleeve": "Solid", "pattern": "Knee Length", "length": "Elasticated", "description": ""},
{"category": "mens-shorts-collection", "url": "https://nobero.com/products/morphin-shorts-1?variant=44016502440102", "title": "Morphin Shorts", "price": "₹699", "MRP": "₹1,499", "product_url": [], "last_7_day_sale": "175", "available_skus": [{"color": "Grey Melange", "size": ["S", "M", "L", "XL", "XXL", "XXXL"]}, {"color": "", "size": []}], "fit": "Regular Fit", "fabric": "100% Cotton", "neck": "Mid-Rise", "sleeve": "Stripe", "pattern": "Knee Length", "length": "Elasticated", "description": ""},
{"category": "mens-shorts-collection", "url": "https://nobero.com/products/morphin-shorts?variant=41433808535718", "title": "Morphin Shorts", "price": "₹699", "MRP": "₹1,499", "product_url": [], "last_7_day_sale": "175", "available_skus": [{"color": "Black", "size": ["S", "M", "L", "XL", "XXL", "XXXL"]}, {"color": "", "size": []}], "fit": "Regular Fit", "fabric": "100% Cotton", "neck": "Mid-Rise", "sleeve": "Stripe", "pattern": "Knee Length", "length": "Elasticated", "description": ""},
{"category": "mens-shorts-collection", "url": "https://nobero.com/products/powder-blue-zip-pocket-shorts?variant=44924309635238", "title": "Powder Blue Zip Pocket Shorts", "price": "₹699", "MRP": "₹1,499", "product_url": [], "last_7_day_sale": "643", "available_skus": [{"color": "Powder Blue", "size": ["S", "M", "L", "XL", "XXL", "XXXL"]}, {"color": "", "size": []}], "fit": "Regular Fit", "fabric": "Cotton Poly Terry", "neck": "Mid-Rise", "sleeve": "Solid", "pattern": "Knee Length", "length": "Elasticated", "description": ""},
{"category": "mens-shorts-collection", "url": "https://nobero.com/products/olive-green-zip-pocket-shorts?variant=44886659301542", "title": "Olive Green Zip Pocket Shorts", "price": "₹699", "MRP": "₹1,499", "product_url": [], "last_7_day_sale": "643", "available_skus": [{"color": "Olive Green", "size": ["S", "M", "L", "XL", "XXL", "XXXL"]}, {"color": "", "size": []}], "fit": "Regular Fit", "fabric": "Cotton Poly Terry", "neck": "Mid-Rise", "sleeve": "Solid", "pattern": "Knee Length", "length": "Elasticated", "description": ""},
{"category": "women-shorts", "url": "https://nobero.com/products/freya-womens-shorts-1?variant=43995297906854", "title": "Freya Rib-Knit Shorts", "price": "₹449", "MRP": "₹899", "product_url": [], "last_7_day_sale": "0", "available_skus": [{"color": "Rust", "size": ["XS", "S", "M", "L", "XL", "XXL"]}, {"color": "", "size": []}], "fit": "Regular Fit", "fabric": "100% Cotton", "neck": "Mid-Rise", "sleeve": "Solid", "pattern": "Above Knee", "length": "Elasticated", "description": "Fabric : A pair of relaxed fit shorts featuring high rise and elasticated waistband. With a roomy silhouette and alluring color variants, let the Freya Shorts be a charming little addition to your wardrobe.\nCare :  Soft, Stretchy Ribbed Knit. Cotton rich | 180 GSM.\nMade in India  \n"},
{"category": "women-shorts", "url": "https://nobero.com/products/zip-pocket-shorts-women-8?variant=44356139286694", "title": "Zip-Pocket Shorts - Women", "price": "₹299", "MRP": "₹598", "product_url": [], "last_7_day_sale": "0", "available_skus": [{"color": "Grey Melange", "size": ["S", "M", "L", "XL", "XXL", "XXXL"]}, {"color": "", "size": []}], "fit": "Regular Fit", "fabric": "100% Cotton", "neck": "Mid-Rise", "sleeve": "Solid", "pattern": "Above Knee", "length": "Elasticated", "description": ""},
{"category": "women-shorts", "url": "https://nobero.com/products/colorblocked-women-shorts?variant=44234749345958", "title": "Colorblocked Women Shorts", "price": "₹449", "MRP": "₹898", "product_url": [], "last_7_day_sale": "0", "available_skus": [{"color": "Arctic Wolf", "size": ["XS", "S", "M", "L", "XL", "XXL"]}, {"color": "", "size": []}], "fit": "Relaxed Fit", "fabric": "Blended", "neck": "Mid-Rise", "sleeve": "Color Block", "pattern": "Above Knee", "length": "Elasticated", "description": "Fabric: These women’s shorts are expertly crafted from high-quality cotton fabric, ensuring a soft and breathable feel that lasts all day long. Versatile enough for running errands, hitting the gym, or lounging at home, elevate your wardrobe with our cotton shorts. Pair them with trendy t-shirts or ribbed tops for a fashionable ensemble.\nFit Type: - \nPattern:  60% Cotton 40% Polyester\nCare Instructions: - \nMade in India  Relaxed Fit \n"},
{"category": "women-shorts", "url": "https://nobero.com/products/zip-pocket-shorts-women-7?variant=44356130373798", "title": "Zip-Pocket Shorts - Women", "price": "₹399", "MRP": "₹798", "product_url": [], "last_7_day_sale": "0", "available_skus": [{"color": "Grey Melange", "size": ["S", "M", "L", "XL", "XXL", "XXXL"]}, {"color": "", "size": []}], "fit": "Regular Fit", "fabric": "100% Cotton", "neck": "Mid-Rise", "sleeve": "Solid", "pattern": "Above Knee", "length": "Elasticated", "description": ""},
{"category": "women-shorts", "url": "https://nobero.com/products/women-shorts-1?variant=44234698490022", "title": "Side Slit Women Shorts", "price": "₹499", "MRP": "₹998", "product_url": [], "last_7_day_sale": "0", "available_skus": [{"color": "Parchment", "size": ["XS", "S", "M", "L", "XL", "XXL"]}, {"color": "", "size": []}], "fit": "Relaxed Fit", "fabric": "Blended", "neck": "Mid-Rise", "sleeve": "Stripe", "pattern": "Above Knee", "length": "Elasticated", "description": "Fabric: These women’s shorts are expertly crafted from high-quality cotton fabric, ensuring a soft and breathable feel that lasts all day long. Versatile enough for running errands, hitting the gym, or lounging at home, elevate your wardrobe with our cotton shorts. Pair them with trendy t-shirts or ribbed tops for a fashionable ensemble.\nFit Type: - \nPattern:  60% Cotton 40% Polyester\nCare Instructions: - \nMade in India  Relaxed Fit \n"},
{"category": "women-shorts", "url": "https://nobero.com/products/freya-womens-shorts-4?variant=43995662516390", "title": "Freya Rib-Knit Shorts", "price": "₹449", "MRP": "₹898", "product_url": [], "last_7_day_sale": "0", "available_skus": [{"color": "Off White", "size": ["XS", "S", "M", "L", "XL", "XXL"]}, {"color": "", "size": []}], "fit": "Regular Fit", "fabric": "100% Cotton", "neck": "Mid-Rise", "sleeve": "Solid", "pattern": "Above Knee", "length": "Elasticated", "description": "Fabric : A pair of relaxed fit shorts featuring high rise and elasticated waistband. With a roomy silhouette and alluring color variants, let the Freya Shorts be a charming little addition to your wardrobe.\nCare :  Soft, Stretchy Ribbed Knit. Cotton rich | 180 GSM.\nMade in India  \n"},
{"category": "women-shorts", "url": "https://nobero.com/products/women-shorts-6?variant=44234733617318", "title": "Contrast Paneled Women Shorts", "price": "₹499", "MRP": "₹998", "product_url": [], "last_7_day_sale": "0", "available_skus": [{"color": "Arctic Wolf", "size": ["XS", "S", "M", "L", "XL", "XXL"]}, {"color": "", "size": []}], "fit": "Relaxed Fit", "fabric": "Blended", "neck": "Mid-Rise", "sleeve": "Color Block", "pattern": "Above Knee", "length": "Elasticated", "description": "Fabric: These women’s shorts are expertly crafted from high-quality cotton fabric, ensuring a soft and breathable feel that lasts all day long. Versatile enough for running errands, hitting the gym, or lounging at home, elevate your wardrobe with our cotton shorts. Pair them with trendy t-shirts or ribbed tops for a fashionable ensemble.\nFit Type: - \nPattern:  60% Cotton 40% Polyester\nCare Instructions: - \nMade in India  Relaxed Fit \n"},
{"category": "women-shorts", "url": "https://nobero.com/products/colorblocked-women-shorts-1?variant=44238588969126", "title": "Colorblocked Women Shorts", "price": "₹549", "MRP": "₹1,098", "product_url": [], "last_7_day_sale": "0", "available_skus": [{"color": "White", "size": ["XS", "S", "M", "L", "XL", "XXL"]}, {"color": "", "size": []}], "fit": "Relaxed Fit", "fabric": "Blended", "neck": "Mid-Rise", "sleeve": "Color Block", "pattern": "Above Knee", "length": "Elasticated", "description": "Fabric: These women’s shorts are expertly crafted from high-quality cotton fabric, ensuring a soft and breathable feel that lasts all day long. Versatile enough for running errands, hitting the gym, or lounging at home, elevate your wardrobe with our cotton shorts. Pair them with trendy t-shirts or ribbed tops for a fashionable ensemble.\nFit Type: - \nPattern:  60% Cotton 40% Polyester\nCare Instructions: - \nMade in India  Relaxed Fit \n"},
{"category": "women-shorts", "url": "https://nobero.com/products/zip-pocket-joggers-women-24?variant=44356359913638", "title": "Zip-Pocket Joggers - Women", "price": "₹499", "MRP": "₹998", "product_url": [], "last_7_day_sale": "0", "available_skus": [{"color": "Maroon", "size": ["S", "M", "L", "XL", "XXL", "XXXL"]}, {"color": "", "size": []}], "fit": "Regular Fit", "fabric": "100% Cotton", "neck": "Mid-Rise", "sleeve": "Solid", "pattern": "Ankle Length", "length": "Elasticated", "description": ""},
{"category": "women-shorts", "url": "https://nobero.com/products/women-shorts-5?variant=44234723885222", "title": "Cut & Sew Women Shorts", "price": "₹499", "MRP": "₹998", "product_url": [], "last_7_day_sale": "0", "available_skus": [{"color": "Cirrus Blue", "size": ["XS", "S", "M", "L", "XL", "XXL"]}, {"color": "", "size": []}], "fit": "Relaxed Fit", "fabric": "Blended", "neck": "Mid-Rise", "sleeve": "Cut & Sew", "pattern": "Above Knee", "length": "Elasticated", "description": "Fabric: These women’s shorts are expertly crafted from high-quality cotton fabric, ensuring a soft and breathable feel that lasts all day long. Versatile enough for running errands, hitting the gym, or lounging at home, elevate your wardrobe with our cotton shorts. Pair them with trendy t-shirts or ribbed tops for a fashionable ensemble.\nFit Type: - \nPattern:  60% Cotton 40% Polyester\nCare Instructions: - \nMade in India  Relaxed Fit \n"},
{"category": "women-shorts", "url": "https://nobero.com/products/zip-pocket-joggers-women-29?variant=44356382195878", "title": "Zip-Pocket Joggers - Women", "price": "₹599", "MRP": "₹1,198", "product_url": [], "last_7_day_sale": "0", "available_skus": [{"color": "Navy Blue", "size": ["S", "M", "L", "XL", "XXL", "XXXL"]}, {"color": "", "size": []}], "fit": "Regular Fit", "fabric": "100% Cotton", "neck": "Mid-Rise", "sleeve": "Solid", "pattern": "Ankle Length", "length": "Elasticated", "description": ""},
{"category": "women-shorts", "url": "https://nobero.com/products/women-shorts?variant=44234669555878", "title": "Solace Typography Women Shorts", "price": "₹499", "MRP": "₹998", "product_url": [], "last_7_day_sale": "0", "available_skus": [{"color": "Parchment", "size": ["XS", "S", "M", "L", "XL", "XXL"]}, {"color": "", "size": []}], "fit": "Relaxed Fit", "fabric": "Blended", "neck": "Mid-Rise", "sleeve": "Typography Print", "pattern": "Above Knee", "length": "Elasticated", "description": "Fabric: These women’s shorts are expertly crafted from high-quality cotton fabric, ensuring a soft and breathable feel that lasts all day long. Versatile enough for running errands, hitting the gym, or lounging at home, elevate your wardrobe with our cotton shorts. Pair them with trendy t-shirts or ribbed tops for a fashionable ensemble.\nFit Type: - \nPattern:  60% Cotton 40% Polyester\nCare Instructions: - \nMade in India  Relaxed Fit \n"},
{"category": "womens-oversized-t-shirts", "url": "https://nobero.com/products/let-it-go-oversized-t-shirt?variant=45414241599654", "title": "Let it Go Oversized T-Shirt", "price": "₹599", "MRP": "₹999", "product_url": [], "last_7_day_sale": "197", "available_skus": [{"color": "Aloe Green", "size": ["S", "M", "L", "XL", "XXL", "XXXL"]}, {"color": "", "size": []}], "fit": "Oversized Fit", "fabric": "220 GSM 100% Cotton", "neck": "Round Neck", "sleeve": "Regular Sleeve", "pattern": "Graphic Print", "length": "Regular", "description": ""},
{"category": "womens-oversized-t-shirts", "url": "https://nobero.com/products/lunar-echo-oversized-t-shirt-2?variant=45696533758118", "title": "Lunar Echo Oversized T-Shirt", "price": "₹599", "MRP": "₹999", "product_url": [], "last_7_day_sale": "475", "available_skus": [{"color": "Black", "size": ["S", "M", "L", "XL", "XXL", "XXXL"]}, {"color": "", "size": []}], "fit": "Oversized Fit", "fabric": "220 GSM 100% Cotton", "neck": "Round Neck", "sleeve": "Regular Sleeve", "pattern": "Graphic Print", "length": "Regular", "description": "Material:  100% Combed Cotton (Bio-Washed and Pre-Shrunk)\nNeck:  Crew Neck\nSleeves:  Short Sleeves\nFeatures: • Bio-Washed\nOrigin: • Pre-shrunk\nWash Care: • Light weight\nPlease Note: • Breathable Fabric\nMade in India • Comfort fit\n"},
{"category": "womens-oversized-t-shirts", "url": "https://nobero.com/products/organised-chaos-oversized-t-shirt-1?variant=45696458817702", "title": "Organised Chaos Oversized T-Shirt", "price": "₹599", "MRP": "₹999", "product_url": [], "last_7_day_sale": "179", "available_skus": [{"color": "Marine", "size": ["S", "M", "L", "XL", "XXL", "XXXL"]}, {"color": "", "size": []}], "fit": "Oversized Fit", "fabric": "220 GSM 100% Cotton", "neck": "Round Neck", "sleeve": "Regular Sleeve", "pattern": "Graphic Print", "length": "Regular", "description": ""},
{"category": "womens-oversized-t-shirts", "url": "https://nobero.com/products/imperfectly-perfect-oversized-tee-1?variant=44790812246182", "title": "Oversized Fit Imperfectly Perfect T-Shirt", "price": "₹599", "MRP": "₹999", "product_url": [], "last_7_day_sale": "75", "available_skus": [{"color": "Marine", "size": ["S", "M", "L", "XL", "XXL", "XXXL"]}, {"color": "", "size": []}], "fit": "Oversized Fit", "fabric": "220 GSM 100% Cotton", "neck": "Round Neck", "sleeve": "Regular Sleeve", "pattern": "Graphic Print", "length": "Regular", "description": ""},
{"category": "men-oversized-t-shirts", "url": "https://nobero.com/products/dimensions-oversized-t-shirt?variant=45483260018854", "title": "Traverse Oversized Fit T-Shirt", "price": "₹599", "MRP": "₹999", "product_url": [], "last_7_day_sale": "230", "available_skus": [{"color": "Olive Green", "size": ["S", "M", "L", "XL", "XXL", "XXXL"]}, {"color": "", "size": []}], "fit": "Oversized Fit", "fabric": "220 GSM 100% Cotton", "neck": "Round Neck", "sleeve": "Regular Sleeve", "pattern": "Graphic Print", "length": "Regular", "description": "Material:  100% Combed Cotton (Bio-Washed and Pre-Shrunk)\nNeck:  Crew Neck\nSleeves:  Short Sleeves\nFeatures: • Bio-Washed\nOrigin: • Pre-shrunk\nWash Care: • Light weight\nPlease Note: • Breathable Fabric\nMade in India • Comfort fit\n"},
{"category": "womens-oversized-t-shirts", "url": "https://nobero.com/products/ikigai-oversized-t-shirt-1?variant=45696470089894", "title": "Ikigai Oversized T-Shirt", "price": "₹599", "MRP": "₹999", "product_url": [], "last_7_day_sale": "225", "available_skus": [{"color": "White", "size": ["S", "M", "L", "XL", "XXL", "XXXL"]}, {"color": "", "size": []}], "fit": "Oversized Fit", "fabric": "220 GSM 100% Cotton", "neck": "Round Neck", "sleeve": "Regular Sleeve", "pattern": "Graphic Print", "length": "Regular", "description": ""},
{"category": "men-oversized-t-shirts", "url": "https://nobero.com/products/ikigai-oversized-tee?variant=44832144064678", "title": "Ikigai Oversized T-Shirt", "price": "₹599", "MRP": "₹999", "product_url": [], "last_7_day_sale": "225", "available_skus": [{"color": "White", "size": ["S", "M", "L", "XL", "XXL", "XXXL"]}, {"color": "", "size": []}], "fit": "Oversized Fit", "fabric": "220 GSM 100% Cotton", "neck": "Round Neck", "sleeve": "Regular Sleeve", "pattern": "Graphic Print", "length": "Regular", "description": ""},
{"category": "men-oversized-t-shirts", "url": "https://nobero.com/products/oversized-tees-2-pack-19?variant=45740199968934", "title": "Oversized Tees - 2-Pack", "price": "₹999", "MRP": "₹1,998", "product_url": [], "last_7_day_sale": "0", "available_skus": [{"color": "Ikigai/ Less Scrolling", "size": ["S", "M", "L", "XL", "XXL", "XXXL"]}, {"color": "", "size": []}], "fit": "Oversized Fit", "fabric": "100% Cotton", "neck": "Round Neck", "sleeve": "Regular Sleeve", "pattern": "Graphic Print", "length": "Regular", "description": "Material:  100% Combed Cotton (Bio-Washed and Pre-Shrunk)\nFeatures: • Bio-Washed\nOrigin: • Pre-shrunk\nWash Care: • Light weight\nPlease Note: • Breathable Fabric\nMade in India • Comfort fit\n"},
{"category": "men-oversized-t-shirts", "url": "https://nobero.com/products/less-scrolling-oversized-t-shirt?variant=44791975411878", "title": "Less Scrolling Oversized T-Shirt", "price": "₹599", "MRP": "₹999", "product_url": [], "last_7_day_sale": "207", "available_skus": [{"color": "Sand", "size": ["S", "M", "L", "XL", "XXL", "XXXL"]}, {"color": "", "size": []}], "fit": "Oversized Fit", "fabric": "220 GSM 100% Cotton", "neck": "Round Neck", "sleeve": "Regular Sleeve", "pattern": "Graphic Print", "length": "Regular", "description": ""},
{"category": "men-oversized-t-shirts", "url": "https://nobero.com/products/fearlessly-authentic-oversized-t-shirt?variant=44030000234662", "title": "Authentic Oversized T-Shirt", "price": "₹599", "MRP": "₹999", "product_url": [], "last_7_day_sale": "58", "available_skus": [{"color": "Wine Red", "size": ["S", "M", "L", "XL", "XXL", "XXXL"]}, {"color": "", "size": []}], "fit": "Oversized Fit", "fabric": "220 GSM 100% Cotton", "neck": "Round Neck", "sleeve": "Regular Sleeve", "pattern": "Graphic Print", "length": "Regular", "description": "Material:  100% Combed Cotton (Bio-Washed and Pre-Shrunk)\nNeck:  Crew Neck\nSleeves:  Short Sleeves\nFeatures: • Bio-Washed\nOrigin: • Pre-shrunk\nWash Care: • Light weight\nPlease Note: • Breathable Fabric\nMade in India • Comfort fit\n"}
]